{
    "Version": "2019-10-30",
    "StartAction": "e60a87dd-1eb3-4f58-ac99-aa0fd150bfd1",
    "Metadata": {
        "entryPointPosition": { "x": 15, "y": 20 },
        "snapToGrid": false,
        "ActionMetadata": {
            "e60a87dd-1eb3-4f58-ac99-aa0fd150bfd1": { "position": { "x": 202, "y": 57 } },
            "433622ac-e05f-4dda-acb0-0a24757a4b8c": {
                "position": { "x": 200, "y": 235 },
                "overrideConsoleVoice": true,
                "defaultVoice": "None"
            },
            "6338d7b8-4e6e-42d8-a123-9f5696ec919e": { "position": { "x": 201, "y": 419 } },
            "881a14e1-1560-40ff-a2ee-6ddf80746a00": {
                "position": { "x": 580, "y": 60 },
                "useDynamic": false,
                "ContactFlow": {
                    "id": "",
                    "text": "SEB - Hours Of Operation"
                }
            },
            "12459c9b-d713-46f1-b8c7-44d0caea42f4": {
                "position": { "x": 579, "y": 244 },
                "useDynamic": false,
                "ContactFlow": {
                    "id": "",
                    "text": "SEB - Journey"
                }
            },
            "c0ea8400-867b-44a9-b36b-46fcded12656": { "position": { "x": 904, "y": 196 }, "useDynamic": false },
            "d6f79413-3dbd-42f7-a20b-637107a8fa34": { "position": { "x": 1161, "y": 300 } }
        }
    },
    "Actions": [
        {
            "Identifier": "e60a87dd-1eb3-4f58-ac99-aa0fd150bfd1",
            "Parameters": { "FlowLoggingBehavior": "Enabled" },
            "Transitions": { "NextAction": "433622ac-e05f-4dda-acb0-0a24757a4b8c", "Errors": [], "Conditions": [] },
            "Type": "UpdateFlowLoggingBehavior"
        },
        {
            "Identifier": "433622ac-e05f-4dda-acb0-0a24757a4b8c",
            "Parameters": { "TextToSpeechVoice": "Aria", "TextToSpeechEngine": "Neural", "TextToSpeechStyle": "None" },
            "Transitions": { "NextAction": "6338d7b8-4e6e-42d8-a123-9f5696ec919e", "Errors": [], "Conditions": [] },
            "Type": "UpdateContactTextToSpeechVoice"
        },
        {
            "Identifier": "6338d7b8-4e6e-42d8-a123-9f5696ec919e",
            "Parameters": {
                "RecordingBehavior": { "RecordedParticipants": ["Agent", "Customer"] },
                "AnalyticsBehavior": {
                    "Enabled": "True",
                    "AnalyticsMode": "RealTime",
                    "AnalyticsLanguage": "en-US",
                    "AnalyticsRedactionBehavior": "Disabled",
                    "AnalyticsRedactionResults": "None"
                }
            },
            "Transitions": { "NextAction": "881a14e1-1560-40ff-a2ee-6ddf80746a00", "Errors": [], "Conditions": [] },
            "Type": "UpdateContactRecordingBehavior"
        },
        {
            "Identifier": "881a14e1-1560-40ff-a2ee-6ddf80746a00",
            "Parameters": {
                "ContactFlowId": ""
            },
            "Transitions": {
                "NextAction": "c0ea8400-867b-44a9-b36b-46fcded12656",
                "Errors": [{ "NextAction": "c0ea8400-867b-44a9-b36b-46fcded12656", "ErrorType": "NoMatchingError" }],
                "Conditions": []
            },
            "Type": "TransferToFlow"
        },
        {
            "Identifier": "12459c9b-d713-46f1-b8c7-44d0caea42f4",
            "Parameters": {
                "ContactFlowId": ""
            },
            "Transitions": {
                "NextAction": "c0ea8400-867b-44a9-b36b-46fcded12656",
                "Errors": [{ "NextAction": "c0ea8400-867b-44a9-b36b-46fcded12656", "ErrorType": "NoMatchingError" }],
                "Conditions": []
            },
            "Type": "TransferToFlow"
        },
        {
            "Identifier": "c0ea8400-867b-44a9-b36b-46fcded12656",
            "Parameters": { "Text": "Sorry there was an error. Please try again later." },
            "Transitions": {
                "NextAction": "d6f79413-3dbd-42f7-a20b-637107a8fa34",
                "Errors": [{ "NextAction": "d6f79413-3dbd-42f7-a20b-637107a8fa34", "ErrorType": "NoMatchingError" }],
                "Conditions": []
            },
            "Type": "MessageParticipant"
        },
        {
            "Identifier": "d6f79413-3dbd-42f7-a20b-637107a8fa34",
            "Type": "DisconnectParticipant",
            "Parameters": {},
            "Transitions": {}
        }
    ]
}
