{
    "ContactFlow": {
        "Arn": "",
        "Id": "7b4f58c2-d1ca-4d6d-b12e-8e423398bc12",
        "Name": "SEB - DTMF 4",
        "Type": "CONTACT_FLOW",
        "State": "ACTIVE",
        "Content": "{\"Version\":\"2019-10-30\",\"StartAction\":\"d21dd8dd-adbd-42ab-8c38-b8e9fb4be790\",\"Metadata\":{\"entryPointPosition\":{\"x\":20,\"y\":20},\"snapToGrid\":false,\"ActionMetadata\":{\"667cd27c-af36-4ae8-9d32-2c3f0399247e\":{\"position\":{\"x\":329,\"y\":234},\"CountryCode\":\"us\"},\"28cbeeac-2830-411b-aa1b-59bffc702415\":{\"position\":{\"x\":326.9099756690997,\"y\":388},\"useDynamic\":false},\"c6df1d0d-a15e-41aa-b437-07867a87195e\":{\"position\":{\"x\":582.9099756690997,\"y\":41},\"useDynamic\":false},\"9ec2348f-f86a-40c2-af54-8e1fa6568f52\":{\"position\":{\"x\":849.9099756690997,\"y\":242}},\"d21dd8dd-adbd-42ab-8c38-b8e9fb4be790\":{\"position\":{\"x\":327,\"y\":34},\"useDynamic\":false,\"queue\":{\"id\":\"\",\"text\":\"BasicQueue\"}}}},\"Actions\":[{\"Identifier\":\"667cd27c-af36-4ae8-9d32-2c3f0399247e\",\"Parameters\":{\"ThirdPartyPhoneNumber\":\"+1{{phoneNumber}}\",\"ThirdPartyConnectionTimeLimitSeconds\":\"30\",\"ContinueFlowExecution\":\"False\"},\"Transitions\":{\"NextAction\":\"9ec2348f-f86a-40c2-af54-8e1fa6568f52\",\"Errors\":[{\"NextAction\":\"9ec2348f-f86a-40c2-af54-8e1fa6568f52\",\"ErrorType\":\"NoMatchingError\"}],\"Conditions\":[]},\"Type\":\"TransferParticipantToThirdParty\"},{\"Identifier\":\"28cbeeac-2830-411b-aa1b-59bffc702415\",\"Parameters\":{\"Text\":\"{{message}}\"},\"Transitions\":{\"NextAction\":\"9ec2348f-f86a-40c2-af54-8e1fa6568f52\",\"Errors\":[{\"NextAction\":\"9ec2348f-f86a-40c2-af54-8e1fa6568f52\",\"ErrorType\":\"NoMatchingError\"}],\"Conditions\":[]},\"Type\":\"MessageParticipant\"},{\"Identifier\":\"c6df1d0d-a15e-41aa-b437-07867a87195e\",\"Transitions\":{\"NextAction\":\"9ec2348f-f86a-40c2-af54-8e1fa6568f52\",\"Errors\":[{\"NextAction\":\"9ec2348f-f86a-40c2-af54-8e1fa6568f52\",\"ErrorType\":\"NoMatchingError\"},{\"NextAction\":\"9ec2348f-f86a-40c2-af54-8e1fa6568f52\",\"ErrorType\":\"QueueAtCapacity\"}],\"Conditions\":[]},\"Type\":\"TransferContactToQueue\"},{\"Identifier\":\"9ec2348f-f86a-40c2-af54-8e1fa6568f52\",\"Type\":\"DisconnectParticipant\",\"Parameters\":{},\"Transitions\":{}},{\"Identifier\":\"d21dd8dd-adbd-42ab-8c38-b8e9fb4be790\",\"Parameters\":{\"QueueId\":\"\"},\"Transitions\":{\"NextAction\":\"c6df1d0d-a15e-41aa-b437-07867a87195e\",\"Errors\":[{\"NextAction\":\"9ec2348f-f86a-40c2-af54-8e1fa6568f52\",\"ErrorType\":\"NoMatchingError\"}],\"Conditions\":[]},\"Type\":\"UpdateContactTargetQueue\"}]}",
        "Tags": {}
    }
}
