{
    "Version": "2019-10-30",
    "StartAction": "99f03788-deca-449f-8461-14e537ce708a",
    "Metadata": {
        "entryPointPosition": { "x": 15, "y": 20 },
        "snapToGrid": false,
        "ActionMetadata": {
            "99f03788-deca-449f-8461-14e537ce708a": {
                "position": { "x": 258, "y": 12 },
                "Hours": {
                    "id": "",
                    "text": "Basic Hours"
                }
            },
            "0cd237b4-25a6-4c0b-9953-cd1e37346a10": { "position": { "x": 546, "y": 203 }, "useDynamic": false },
            "e8e2f00d-fe8b-4dfb-9630-6b6d2988f217": { "position": { "x": 970, "y": 236 } },
            "cd05ff33-07f6-4f6c-8bbc-b25d47f92fca": {
                "position": { "x": 545, "y": 9 },
                "useDynamic": false,
                "ContactFlow": {
                    "id": "",
                    "text": "SEB - Journey"
                }
            },
            "970b4b4a-2948-4b4c-85c5-63ea473a382a": { "position": { "x": 793, "y": 8 }, "useDynamic": false }
        }
    },
    "Actions": [
        {
            "Identifier": "99f03788-deca-449f-8461-14e537ce708a",
            "Parameters": {
                "HoursOfOperationId": ""
            },
            "Transitions": {
                "NextAction": "cd05ff33-07f6-4f6c-8bbc-b25d47f92fca",
                "Errors": [{ "NextAction": "cd05ff33-07f6-4f6c-8bbc-b25d47f92fca", "ErrorType": "NoMatchingError" }],
                "Conditions": [
                    {
                        "NextAction": "cd05ff33-07f6-4f6c-8bbc-b25d47f92fca",
                        "Condition": { "Operator": "Equals", "Operands": ["True"] }
                    },
                    {
                        "NextAction": "0cd237b4-25a6-4c0b-9953-cd1e37346a10",
                        "Condition": { "Operator": "Equals", "Operands": ["False"] }
                    }
                ]
            },
            "Type": "CheckHoursOfOperation"
        },
        {
            "Identifier": "0cd237b4-25a6-4c0b-9953-cd1e37346a10",
            "Parameters": { "Text": "{{outOfHours}}" },
            "Transitions": {
                "NextAction": "e8e2f00d-fe8b-4dfb-9630-6b6d2988f217",
                "Errors": [{ "NextAction": "e8e2f00d-fe8b-4dfb-9630-6b6d2988f217", "ErrorType": "NoMatchingError" }],
                "Conditions": []
            },
            "Type": "MessageParticipant"
        },
        {
            "Identifier": "e8e2f00d-fe8b-4dfb-9630-6b6d2988f217",
            "Type": "DisconnectParticipant",
            "Parameters": {},
            "Transitions": {}
        },
        {
            "Identifier": "cd05ff33-07f6-4f6c-8bbc-b25d47f92fca",
            "Parameters": {
                "ContactFlowId": ""
            },
            "Transitions": {
                "NextAction": "970b4b4a-2948-4b4c-85c5-63ea473a382a",
                "Errors": [{ "NextAction": "970b4b4a-2948-4b4c-85c5-63ea473a382a", "ErrorType": "NoMatchingError" }],
                "Conditions": []
            },
            "Type": "TransferToFlow"
        },
        {
            "Identifier": "970b4b4a-2948-4b4c-85c5-63ea473a382a",
            "Parameters": { "Text": "Sorry there was an error. Please try again later." },
            "Transitions": {
                "NextAction": "e8e2f00d-fe8b-4dfb-9630-6b6d2988f217",
                "Errors": [{ "NextAction": "e8e2f00d-fe8b-4dfb-9630-6b6d2988f217", "ErrorType": "NoMatchingError" }],
                "Conditions": []
            },
            "Type": "MessageParticipant"
        }
    ]
}
