{
    "ContactFlow": {
        "Arn": "",
        "Id": "b358c7f4-12d2-4403-b1bd-7f5cc1513ba0",
        "Name": "SEB - Customer Queue",
        "Type": "CUSTOMER_QUEUE",
        "State": "ACTIVE",
        "Description": "Default audio played when a customer is waiting in queue.",
        "Content": "{\"Version\":\"2019-10-30\",\"StartAction\":\"9bb50c63-3fe1-4194-8355-1d8610d77410\",\"Metadata\":{\"entryPointPosition\":{\"x\":242.4,\"y\":172},\"ActionMetadata\":{\"9bb50c63-3fe1-4194-8355-1d8610d77410\":{\"position\":{\"x\":248.8,\"y\":298.40000000000003}},\"b297c220-5371-4d53-a31f-635068758751\":{\"position\":{\"x\":524,\"y\":220},\"conditionMetadata\":[{\"id\":\"1d750334-9532-4e6f-8c9b-cc0978a543de\",\"operator\":{\"name\":\"Equals\",\"value\":\"Equals\",\"shortDisplay\":\"=\"},\"value\":\"0\"}]},\"098007b7-e257-4b7c-9c3c-741d4680517d\":{\"position\":{\"x\":775.2,\"y\":532.8000000000001},\"audio\":[{\"id\":\"\",\"text\":null,\"type\":\"Prompt\"}]},\"313ea353-68c0-48b7-ac8a-5182693d5a80\":{\"position\":{\"x\":834.4000000000001,\"y\":220}},\"1b546d79-c342-4020-9a06-4ad2b54ec0b7\":{\"position\":{\"x\":1138.4,\"y\":350.40000000000003}}}},\"Actions\":[{\"Parameters\":{},\"Identifier\":\"9bb50c63-3fe1-4194-8355-1d8610d77410\",\"Type\":\"GetMetricData\",\"Transitions\":{\"NextAction\":\"b297c220-5371-4d53-a31f-635068758751\",\"Errors\":[{\"NextAction\":\"098007b7-e257-4b7c-9c3c-741d4680517d\",\"ErrorType\":\"NoMatchingError\"}]}},{\"Parameters\":{\"ComparisonValue\":\"$.Metrics.Agents.Online.Count\"},\"Identifier\":\"b297c220-5371-4d53-a31f-635068758751\",\"Type\":\"Compare\",\"Transitions\":{\"NextAction\":\"098007b7-e257-4b7c-9c3c-741d4680517d\",\"Conditions\":[{\"NextAction\":\"313ea353-68c0-48b7-ac8a-5182693d5a80\",\"Condition\":{\"Operator\":\"Equals\",\"Operands\":[\"0\"]}}],\"Errors\":[{\"NextAction\":\"098007b7-e257-4b7c-9c3c-741d4680517d\",\"ErrorType\":\"NoMatchingCondition\"}]}},{\"Parameters\":{\"Messages\":[{\"Text\":\"Thank you for calling. Your call is very important to us and will be answered in the order it was received.\"},{\"PromptId\":\"\"}]},\"Identifier\":\"098007b7-e257-4b7c-9c3c-741d4680517d\",\"Type\":\"MessageParticipantIteratively\",\"Transitions\":{}},{\"Parameters\":{\"Text\":\"Due to circumstances outside of our control, we are not able to answer your call at the moment. Please call us again later.\"},\"Identifier\":\"313ea353-68c0-48b7-ac8a-5182693d5a80\",\"Type\":\"MessageParticipant\",\"Transitions\":{\"NextAction\":\"1b546d79-c342-4020-9a06-4ad2b54ec0b7\",\"Errors\":[{\"NextAction\":\"1b546d79-c342-4020-9a06-4ad2b54ec0b7\",\"ErrorType\":\"NoMatchingError\"}]}},{\"Parameters\":{},\"Identifier\":\"1b546d79-c342-4020-9a06-4ad2b54ec0b7\",\"Type\":\"DisconnectParticipant\",\"Transitions\":{}}]}",
        "Tags": {}
    }
}